{"cameraMode":{"drawMode":0,"name":"Shaded","section":"Shading Mode"},"sceneLighting":false,"audioPlay":false,"sceneViewState":{"showFog":true,"showMaterialUpdate":false,"showSkybox":false,"showFlares":true,"showImageEffects":true,"showParticleSystems":true},"in2DMode":false,"pivot":{"x":-0.18715384602546693,"y":0.31606096029281618,"z":-0.17693594098091126},"rotation":{"x":0.002954598516225815,"y":0.9917199015617371,"z":0.0008110620547086,"w":-0.13152183592319489},"size":0.5037030577659607,"orthographic":false}