{"cameraMode":{"drawMode":0,"name":"Shaded","section":"Shading Mode"},"sceneLighting":true,"audioPlay":false,"sceneViewState":{"showFog":true,"showMaterialUpdate":false,"showSkybox":true,"showFlares":true,"showImageEffects":true,"showParticleSystems":true},"in2DMode":false,"pivot":{"x":-0.011932611465454102,"y":-0.07390443235635758,"z":0.7223607301712036},"rotation":{"x":-0.32322046160697939,"y":0.11121777445077896,"z":-0.04173498973250389,"w":-0.9392920136451721},"size":1.3050141334533692,"orthographic":false}