{"cameraMode":{"drawMode":0,"name":"Shaded","section":"Shading Mode"},"sceneLighting":true,"audioPlay":false,"sceneViewState":{"showFog":true,"showMaterialUpdate":false,"showSkybox":true,"showFlares":true,"showImageEffects":true,"showParticleSystems":true},"in2DMode":false,"pivot":{"x":0.011810302734375,"y":-0.232421875,"z":1.0400390625},"rotation":{"x":-0.13500866293907166,"y":-0.5177674889564514,"z":0.08334203064441681,"w":-0.8408563733100891},"size":1.3142743110656739,"orthographic":true}