{"cameraMode":{"drawMode":0,"name":"Shaded","section":"Shading Mode"},"sceneLighting":true,"audioPlay":false,"sceneViewState":{"showFog":true,"showMaterialUpdate":false,"showSkybox":true,"showFlares":true,"showImageEffects":true,"showParticleSystems":true},"in2DMode":false,"pivot":{"x":-0.04745006561279297,"y":0.34677961468696597,"z":-0.039307355880737308},"rotation":{"x":-0.15427610278129579,"y":-0.008922788314521313,"z":-0.0018785512074828148,"w":-0.9884158372879028},"size":0.6732794642448425,"orthographic":false}