{"cameraMode":{"drawMode":0,"name":"Shaded","section":"Shading Mode"},"sceneLighting":true,"audioPlay":false,"sceneViewState":{"showFog":true,"showMaterialUpdate":false,"showSkybox":true,"showFlares":true,"showImageEffects":true,"showParticleSystems":true},"in2DMode":false,"pivot":{"x":0.04293803125619888,"y":-0.016514597460627557,"z":1.0},"rotation":{"x":-0.14223521947860719,"y":-0.2551727890968323,"z":0.03646531328558922,"w":-0.9560434222221375},"size":0.27972936630249026,"orthographic":true}